{
  "aar": {
    "terminologic": null,
    "iso6391": "aa",
    "name": "Afar"
  },
  "abk": {
    "terminologic": null,
    "iso6391": "ab",
    "name": "Abkhazian"
  },
  "ace": {
    "terminologic": null,
    "iso6391": null,
    "name": "Achinese"
  },
  "ach": {
    "terminologic": null,
    "iso6391": null,
    "name": "Acoli"
  },
  "ada": {
    "terminologic": null,
    "iso6391": null,
    "name": "Adangme"
  },
  "ady": {
    "terminologic": null,
    "iso6391": null,
    "name": "Adyghe; Adygei"
  },
  "afa": {
    "terminologic": null,
    "iso6391": null,
    "name": "Afro-Asiatic languages"
  },
  "afh": {
    "terminologic": null,
    "iso6391": null,
    "name": "Afrihili"
  },
  "afr": {
    "terminologic": null,
    "iso6391": "af",
    "name": "Afrikaans"
  },
  "ain": {
    "terminologic": null,
    "iso6391": null,
    "name": "Ainu"
  },
  "aka": {
    "terminologic": null,
    "iso6391": "ak",
    "name": "Akan"
  },
  "akk": {
    "terminologic": null,
    "iso6391": null,
    "name": "Akkadian"
  },
  "alb": {
    "terminologic": "sqi",
    "iso6391": "sq",
    "name": "Albanian"
  },
  "ale": {
    "terminologic": null,
    "iso6391": null,
    "name": "Aleut"
  },
  "alg": {
    "terminologic": null,
    "iso6391": null,
    "name": "Algonquian languages"
  },
  "als": {
    "terminologic": "sqi",
    "iso6391": "sq",
    "name": "Albanian"
  },
  "alt": {
    "terminologic": null,
    "iso6391": null,
    "name": "Southern Altai"
  },
  "amh": {
    "terminologic": null,
    "iso6391": "am",
    "name": "Amharic"
  },
  "ang": {
    "terminologic": null,
    "iso6391": null,
    "name": "English, Old (ca.450-1100)"
  },
  "anp": {
    "terminologic": null,
    "iso6391": null,
    "name": "Angika"
  },
  "apa": {
    "terminologic": null,
    "iso6391": null,
    "name": "Apache languages"
  },
  "ara": {
    "terminologic": null,
    "iso6391": "ar",
    "name": "Arabic"
  },
  "arb": {
    "iso6392": "ara",
    "iso6391": "ar",
    "name": "Arabic"
  },
  "arc": {
    "terminologic": null,
    "iso6391": null,
    "name": "Official Aramaic (700-300 BCE); Imperial Aramaic (700-300 BCE)"
  },
  "arg": {
    "terminologic": null,
    "iso6391": "an",
    "name": "Aragonese"
  },
  "arm": {
    "terminologic": "hye",
    "iso6391": "hy",
    "name": "Armenian"
  },
  "arn": {
    "terminologic": null,
    "iso6391": null,
    "name": "Mapudungun; Mapuche"
  },
  "arp": {
    "terminologic": null,
    "iso6391": null,
    "name": "Arapaho"
  },
  "art": {
    "terminologic": null,
    "iso6391": null,
    "name": "Artificial languages"
  },
  "arw": {
    "terminologic": null,
    "iso6391": null,
    "name": "Arawak"
  },
  "asm": {
    "terminologic": null,
    "iso6391": "as",
    "name": "Assamese"
  },
  "ast": {
    "terminologic": null,
    "iso6391": null,
    "name": "Asturian; Bable; Leonese; Asturleonese"
  },
  "ath": {
    "terminologic": null,
    "iso6391": null,
    "name": "Athapascan languages"
  },
  "aus": {
    "terminologic": null,
    "iso6391": null,
    "name": "Australian languages"
  },
  "ava": {
    "terminologic": null,
    "iso6391": "av",
    "name": "Avaric"
  },
  "ave": {
    "terminologic": null,
    "iso6391": "ae",
    "name": "Avestan"
  },
  "awa": {
    "terminologic": null,
    "iso6391": null,
    "name": "Awadhi"
  },
  "aym": {
    "terminologic": null,
    "iso6391": "ay",
    "name": "Aymara"
  },
  "aze": {
    "terminologic": null,
    "iso6391": "az",
    "name": "Azerbaijani"
  },
  "bad": {
    "terminologic": null,
    "iso6391": null,
    "name": "Banda languages"
  },
  "bai": {
    "terminologic": null,
    "iso6391": null,
    "name": "Bamileke languages"
  },
  "bak": {
    "terminologic": null,
    "iso6391": "ba",
    "name": "Bashkir"
  },
  "bal": {
    "terminologic": null,
    "iso6391": null,
    "name": "Baluchi"
  },
  "bam": {
    "terminologic": null,
    "iso6391": "bm",
    "name": "Bambara"
  },
  "ban": {
    "terminologic": null,
    "iso6391": null,
    "name": "Balinese"
  },
  "baq": {
    "terminologic": "eus",
    "iso6391": "eu",
    "name": "Basque"
  },
  "bas": {
    "terminologic": null,
    "iso6391": null,
    "name": "Basa"
  },
  "bat": {
    "terminologic": null,
    "iso6391": null,
    "name": "Baltic languages"
  },
  "bej": {
    "terminologic": null,
    "iso6391": null,
    "name": "Beja; Bedawiyet"
  },
  "bel": {
    "terminologic": null,
    "iso6391": "be",
    "name": "Belarusian"
  },
  "bem": {
    "terminologic": null,
    "iso6391": null,
    "name": "Bemba"
  },
  "ben": {
    "terminologic": null,
    "iso6391": "bn",
    "name": "Bengali"
  },
  "ber": {
    "terminologic": null,
    "iso6391": null,
    "name": "Berber languages"
  },
  "bho": {
    "terminologic": null,
    "iso6391": null,
    "name": "Bhojpuri"
  },
  "bih": {
    "terminologic": null,
    "iso6391": "bh",
    "name": "Bihari languages"
  },
  "bik": {
    "terminologic": null,
    "iso6391": null,
    "name": "Bikol"
  },
  "bin": {
    "terminologic": null,
    "iso6391": null,
    "name": "Bini; Edo"
  },
  "bis": {
    "terminologic": null,
    "iso6391": "bi",
    "name": "Bislama"
  },
  "bla": {
    "terminologic": null,
    "iso6391": null,
    "name": "Siksika"
  },
  "bnt": {
    "terminologic": null,
    "iso6391": null,
    "name": "Bantu (Other)"
  },
  "bod": {
    "bibliographic": "tib",
    "iso6391": "bo",
    "name": "Tibetan"
  },
  "bos": {
    "terminologic": null,
    "iso6391": "bs",
    "name": "Bosnian"
  },
  "bra": {
    "terminologic": null,
    "iso6391": null,
    "name": "Braj"
  },
  "bre": {
    "terminologic": null,
    "iso6391": "br",
    "name": "Breton"
  },
  "btk": {
    "terminologic": null,
    "iso6391": null,
    "name": "Batak languages"
  },
  "bua": {
    "terminologic": null,
    "iso6391": null,
    "name": "Buriat"
  },
  "bug": {
    "terminologic": null,
    "iso6391": null,
    "name": "Buginese"
  },
  "bul": {
    "terminologic": null,
    "iso6391": "bg",
    "name": "Bulgarian"
  },
  "bur": {
    "terminologic": "mya",
    "iso6391": "my",
    "name": "Burmese"
  },
  "byn": {
    "terminologic": null,
    "iso6391": null,
    "name": "Blin; Bilin"
  },
  "cad": {
    "terminologic": null,
    "iso6391": null,
    "name": "Caddo"
  },
  "cai": {
    "terminologic": null,
    "iso6391": null,
    "name": "Central American Indian languages"
  },
  "car": {
    "terminologic": null,
    "iso6391": null,
    "name": "Galibi Carib"
  },
  "cat": {
    "terminologic": null,
    "iso6391": "ca",
    "name": "Catalan; Valencian"
  },
  "cau": {
    "terminologic": null,
    "iso6391": null,
    "name": "Caucasian languages"
  },
  "ceb": {
    "terminologic": null,
    "iso6391": null,
    "name": "Cebuano"
  },
  "cel": {
    "terminologic": null,
    "iso6391": null,
    "name": "Celtic languages"
  },
  "ces": {
    "bibliographic": "cze",
    "iso6391": "cs",
    "name": "Czech"
  },
  "cha": {
    "terminologic": null,
    "iso6391": "ch",
    "name": "Chamorro"
  },
  "chb": {
    "terminologic": null,
    "iso6391": null,
    "name": "Chibcha"
  },
  "che": {
    "terminologic": null,
    "iso6391": "ce",
    "name": "Chechen"
  },
  "chg": {
    "terminologic": null,
    "iso6391": null,
    "name": "Chagatai"
  },
  "chi": {
    "terminologic": "zho",
    "iso6391": "zh",
    "name": "Chinese"
  },
  "chk": {
    "terminologic": null,
    "iso6391": null,
    "name": "Chuukese"
  },
  "chm": {
    "terminologic": null,
    "iso6391": null,
    "name": "Mari"
  },
  "chn": {
    "terminologic": null,
    "iso6391": null,
    "name": "Chinook jargon"
  },
  "cho": {
    "terminologic": null,
    "iso6391": null,
    "name": "Choctaw"
  },
  "chp": {
    "terminologic": null,
    "iso6391": null,
    "name": "Chipewyan; Dene Suline"
  },
  "chr": {
    "terminologic": null,
    "iso6391": null,
    "name": "Cherokee"
  },
  "chu": {
    "terminologic": null,
    "iso6391": "cu",
    "name": "Church Slavic; Old Slavonic; Church Slavonic; Old Bulgarian; Old Church Slavonic"
  },
  "chv": {
    "terminologic": null,
    "iso6391": "cv",
    "name": "Chuvash"
  },
  "chy": {
    "terminologic": null,
    "iso6391": null,
    "name": "Cheyenne"
  },
  "cmc": {
    "terminologic": null,
    "iso6391": null,
    "name": "Chamic languages"
  },
  "cmn": {
    "bibliographic": "chi",
    "iso6391": "zh",
    "name": "Chinese"
  },
  "cop": {
    "terminologic": null,
    "iso6391": null,
    "name": "Coptic"
  },
  "cor": {
    "terminologic": null,
    "iso6391": "kw",
    "name": "Cornish"
  },
  "cos": {
    "terminologic": null,
    "iso6391": "co",
    "name": "Corsican"
  },
  "cpe": {
    "terminologic": null,
    "iso6391": null,
    "name": "Creoles and pidgins, English based"
  },
  "cpf": {
    "terminologic": null,
    "iso6391": null,
    "name": "Creoles and pidgins, French-based "
  },
  "cpp": {
    "terminologic": null,
    "iso6391": null,
    "name": "Creoles and pidgins, Portuguese-based "
  },
  "cre": {
    "terminologic": null,
    "iso6391": "cr",
    "name": "Cree"
  },
  "crh": {
    "terminologic": null,
    "iso6391": null,
    "name": "Crimean Tatar; Crimean Turkish"
  },
  "crp": {
    "terminologic": null,
    "iso6391": null,
    "name": "Creoles and pidgins "
  },
  "csb": {
    "terminologic": null,
    "iso6391": null,
    "name": "Kashubian"
  },
  "cus": {
    "terminologic": null,
    "iso6391": null,
    "name": "Cushitic languages"
  },
  "cym": {
    "bibliographic": "wel",
    "iso6391": "cy",
    "name": "Welsh"
  },
  "cze": {
    "terminologic": "ces",
    "iso6391": "cs",
    "name": "Czech"
  },
  "dak": {
    "terminologic": null,
    "iso6391": null,
    "name": "Dakota"
  },
  "dan": {
    "terminologic": null,
    "iso6391": "da",
    "name": "Danish"
  },
  "dar": {
    "terminologic": null,
    "iso6391": null,
    "name": "Dargwa"
  },
  "day": {
    "terminologic": null,
    "iso6391": null,
    "name": "Land Dayak languages"
  },
  "del": {
    "terminologic": null,
    "iso6391": null,
    "name": "Delaware"
  },
  "den": {
    "terminologic": null,
    "iso6391": null,
    "name": "Slave (Athapascan)"
  },
  "deu": {
    "bibliographic": "ger",
    "iso6391": "de",
    "name": "German"
  },
  "dgr": {
    "terminologic": null,
    "iso6391": null,
    "name": "Dogrib"
  },
  "din": {
    "terminologic": null,
    "iso6391": null,
    "name": "Dinka"
  },
  "div": {
    "terminologic": null,
    "iso6391": "dv",
    "name": "Divehi; Dhivehi; Maldivian"
  },
  "doi": {
    "terminologic": null,
    "iso6391": null,
    "name": "Dogri"
  },
  "dra": {
    "terminologic": null,
    "iso6391": null,
    "name": "Dravidian languages"
  },
  "dsb": {
    "terminologic": null,
    "iso6391": null,
    "name": "Lower Sorbian"
  },
  "dua": {
    "terminologic": null,
    "iso6391": null,
    "name": "Duala"
  },
  "dum": {
    "terminologic": null,
    "iso6391": null,
    "name": "Dutch, Middle (ca.1050-1350)"
  },
  "dut": {
    "terminologic": "nld",
    "iso6391": "nl",
    "name": "Dutch; Flemish"
  },
  "dyu": {
    "terminologic": null,
    "iso6391": null,
    "name": "Dyula"
  },
  "dzo": {
    "terminologic": null,
    "iso6391": "dz",
    "name": "Dzongkha"
  },
  "efi": {
    "terminologic": null,
    "iso6391": null,
    "name": "Efik"
  },
  "egy": {
    "terminologic": null,
    "iso6391": null,
    "name": "Egyptian (Ancient)"
  },
  "eka": {
    "terminologic": null,
    "iso6391": null,
    "name": "Ekajuk"
  },
  "ell": {
    "bibliographic": "gre",
    "iso6391": "el",
    "name": "Greek, Modern (1453-)"
  },
  "elx": {
    "terminologic": null,
    "iso6391": null,
    "name": "Elamite"
  },
  "eng": {
    "terminologic": null,
    "iso6391": "en",
    "name": "English"
  },
  "enm": {
    "terminologic": null,
    "iso6391": null,
    "name": "English, Middle (1100-1500)"
  },
  "epo": {
    "terminologic": null,
    "iso6391": "eo",
    "name": "Esperanto"
  },
  "est": {
    "terminologic": null,
    "iso6391": "et",
    "name": "Estonian"
  },
  "eus": {
    "bibliographic": "baq",
    "iso6391": "eu",
    "name": "Basque"
  },
  "ewe": {
    "terminologic": null,
    "iso6391": "ee",
    "name": "Ewe"
  },
  "ewo": {
    "terminologic": null,
    "iso6391": null,
    "name": "Ewondo"
  },
  "fan": {
    "terminologic": null,
    "iso6391": null,
    "name": "Fang"
  },
  "fao": {
    "terminologic": null,
    "iso6391": "fo",
    "name": "Faroese"
  },
  "fas": {
    "bibliographic": "per",
    "iso6391": "fa",
    "name": "Persian"
  },
  "fat": {
    "terminologic": null,
    "iso6391": null,
    "name": "Fanti"
  },
  "fij": {
    "terminologic": null,
    "iso6391": "fj",
    "name": "Fijian"
  },
  "fil": {
    "terminologic": null,
    "iso6391": null,
    "name": "Filipino; Pilipino"
  },
  "fin": {
    "terminologic": null,
    "iso6391": "fi",
    "name": "Finnish"
  },
  "fiu": {
    "terminologic": null,
    "iso6391": null,
    "name": "Finno-Ugrian languages"
  },
  "fon": {
    "terminologic": null,
    "iso6391": null,
    "name": "Fon"
  },
  "fra": {
    "bibliographic": "fre",
    "iso6391": "fr",
    "name": "French"
  },
  "fre": {
    "terminologic": "fra",
    "iso6391": "fr",
    "name": "French"
  },
  "frm": {
    "terminologic": null,
    "iso6391": null,
    "name": "French, Middle (ca.1400-1600)"
  },
  "fro": {
    "terminologic": null,
    "iso6391": null,
    "name": "French, Old (842-ca.1400)"
  },
  "frr": {
    "terminologic": null,
    "iso6391": null,
    "name": "Northern Frisian"
  },
  "frs": {
    "terminologic": null,
    "iso6391": null,
    "name": "Eastern Frisian"
  },
  "fry": {
    "terminologic": null,
    "iso6391": "fy",
    "name": "Western Frisian"
  },
  "ful": {
    "terminologic": null,
    "iso6391": "ff",
    "name": "Fulah"
  },
  "fur": {
    "terminologic": null,
    "iso6391": null,
    "name": "Friulian"
  },
  "gaa": {
    "terminologic": null,
    "iso6391": null,
    "name": "Ga"
  },
  "gay": {
    "terminologic": null,
    "iso6391": null,
    "name": "Gayo"
  },
  "gba": {
    "terminologic": null,
    "iso6391": null,
    "name": "Gbaya"
  },
  "gem": {
    "terminologic": null,
    "iso6391": null,
    "name": "Germanic languages"
  },
  "geo": {
    "terminologic": "kat",
    "iso6391": "ka",
    "name": "Georgian"
  },
  "ger": {
    "terminologic": "deu",
    "iso6391": "de",
    "name": "German"
  },
  "gez": {
    "terminologic": null,
    "iso6391": null,
    "name": "Geez"
  },
  "gil": {
    "terminologic": null,
    "iso6391": null,
    "name": "Gilbertese"
  },
  "gla": {
    "terminologic": null,
    "iso6391": "gd",
    "name": "Gaelic; Scottish Gaelic"
  },
  "gle": {
    "terminologic": null,
    "iso6391": "ga",
    "name": "Irish"
  },
  "glg": {
    "terminologic": null,
    "iso6391": "gl",
    "name": "Galician"
  },
  "glv": {
    "terminologic": null,
    "iso6391": "gv",
    "name": "Manx"
  },
  "gmh": {
    "terminologic": null,
    "iso6391": null,
    "name": "German, Middle High (ca.1050-1500)"
  },
  "goh": {
    "terminologic": null,
    "iso6391": null,
    "name": "German, Old High (ca.750-1050)"
  },
  "gon": {
    "terminologic": null,
    "iso6391": null,
    "name": "Gondi"
  },
  "gor": {
    "terminologic": null,
    "iso6391": null,
    "name": "Gorontalo"
  },
  "got": {
    "terminologic": null,
    "iso6391": null,
    "name": "Gothic"
  },
  "grb": {
    "terminologic": null,
    "iso6391": null,
    "name": "Grebo"
  },
  "grc": {
    "terminologic": null,
    "iso6391": null,
    "name": "Greek, Ancient (to 1453)"
  },
  "gre": {
    "terminologic": "ell",
    "iso6391": "el",
    "name": "Greek, Modern (1453-)"
  },
  "grn": {
    "terminologic": null,
    "iso6391": "gn",
    "name": "Guarani"
  },
  "gsw": {
    "terminologic": null,
    "iso6391": null,
    "name": "Swiss German; Alemannic; Alsatian"
  },
  "guj": {
    "terminologic": null,
    "iso6391": "gu",
    "name": "Gujarati"
  },
  "gwi": {
    "terminologic": null,
    "iso6391": null,
    "name": "Gwich'in"
  },
  "hai": {
    "terminologic": null,
    "iso6391": null,
    "name": "Haida"
  },
  "hat": {
    "terminologic": null,
    "iso6391": "ht",
    "name": "Haitian; Haitian Creole"
  },
  "hau": {
    "terminologic": null,
    "iso6391": "ha",
    "name": "Hausa"
  },
  "haw": {
    "terminologic": null,
    "iso6391": null,
    "name": "Hawaiian"
  },
  "heb": {
    "terminologic": null,
    "iso6391": "he",
    "name": "Hebrew"
  },
  "her": {
    "terminologic": null,
    "iso6391": "hz",
    "name": "Herero"
  },
  "hil": {
    "terminologic": null,
    "iso6391": null,
    "name": "Hiligaynon"
  },
  "him": {
    "terminologic": null,
    "iso6391": null,
    "name": "Himachali languages; Western Pahari languages"
  },
  "hin": {
    "terminologic": null,
    "iso6391": "hi",
    "name": "Hindi"
  },
  "hit": {
    "terminologic": null,
    "iso6391": null,
    "name": "Hittite"
  },
  "hmn": {
    "terminologic": null,
    "iso6391": null,
    "name": "Hmong; Mong"
  },
  "hmo": {
    "terminologic": null,
    "iso6391": "ho",
    "name": "Hiri Motu"
  },
  "hrv": {
    "terminologic": null,
    "iso6391": "hr",
    "name": "Croatian"
  },
  "hsb": {
    "terminologic": null,
    "iso6391": null,
    "name": "Upper Sorbian"
  },
  "hun": {
    "terminologic": null,
    "iso6391": "hu",
    "name": "Hungarian"
  },
  "hup": {
    "terminologic": null,
    "iso6391": null,
    "name": "Hupa"
  },
  "hye": {
    "bibliographic": "arm",
    "iso6391": "hy",
    "name": "Armenian"
  },
  "iba": {
    "terminologic": null,
    "iso6391": null,
    "name": "Iban"
  },
  "ibo": {
    "terminologic": null,
    "iso6391": "ig",
    "name": "Igbo"
  },
  "ice": {
    "terminologic": "isl",
    "iso6391": "is",
    "name": "Icelandic"
  },
  "ido": {
    "terminologic": null,
    "iso6391": "io",
    "name": "Ido"
  },
  "iii": {
    "terminologic": null,
    "iso6391": "ii",
    "name": "Sichuan Yi; Nuosu"
  },
  "ijo": {
    "terminologic": null,
    "iso6391": null,
    "name": "Ijo languages"
  },
  "iku": {
    "terminologic": null,
    "iso6391": "iu",
    "name": "Inuktitut"
  },
  "ile": {
    "terminologic": null,
    "iso6391": "ie",
    "name": "Interlingue; Occidental"
  },
  "ilo": {
    "terminologic": null,
    "iso6391": null,
    "name": "Iloko"
  },
  "ina": {
    "terminologic": null,
    "iso6391": "ia",
    "name": "Interlingua (International Auxiliary Language Association)"
  },
  "inc": {
    "terminologic": null,
    "iso6391": null,
    "name": "Indic languages"
  },
  "ind": {
    "terminologic": null,
    "iso6391": "id",
    "name": "Indonesian"
  },
  "ine": {
    "terminologic": null,
    "iso6391": null,
    "name": "Indo-European languages"
  },
  "inh": {
    "terminologic": null,
    "iso6391": null,
    "name": "Ingush"
  },
  "ipk": {
    "terminologic": null,
    "iso6391": "ik",
    "name": "Inupiaq"
  },
  "ira": {
    "terminologic": null,
    "iso6391": null,
    "name": "Iranian languages"
  },
  "iro": {
    "terminologic": null,
    "iso6391": null,
    "name": "Iroquoian languages"
  },
  "isl": {
    "bibliographic": "ice",
    "iso6391": "is",
    "name": "Icelandic"
  },
  "ita": {
    "terminologic": null,
    "iso6391": "it",
    "name": "Italian"
  },
  "jav": {
    "terminologic": null,
    "iso6391": "jv",
    "name": "Javanese"
  },
  "jbo": {
    "terminologic": null,
    "iso6391": null,
    "name": "Lojban"
  },
  "jpn": {
    "terminologic": null,
    "iso6391": "ja",
    "name": "Japanese"
  },
  "jpr": {
    "terminologic": null,
    "iso6391": null,
    "name": "Judeo-Persian"
  },
  "jrb": {
    "terminologic": null,
    "iso6391": null,
    "name": "Judeo-Arabic"
  },
  "kaa": {
    "terminologic": null,
    "iso6391": null,
    "name": "Kara-Kalpak"
  },
  "kab": {
    "terminologic": null,
    "iso6391": null,
    "name": "Kabyle"
  },
  "kac": {
    "terminologic": null,
    "iso6391": null,
    "name": "Kachin; Jingpho"
  },
  "kal": {
    "terminologic": null,
    "iso6391": "kl",
    "name": "Kalaallisut; Greenlandic"
  },
  "kam": {
    "terminologic": null,
    "iso6391": null,
    "name": "Kamba"
  },
  "kan": {
    "terminologic": null,
    "iso6391": "kn",
    "name": "Kannada"
  },
  "kar": {
    "terminologic": null,
    "iso6391": null,
    "name": "Karen languages"
  },
  "kas": {
    "terminologic": null,
    "iso6391": "ks",
    "name": "Kashmiri"
  },
  "kat": {
    "bibliographic": "geo",
    "iso6391": "ka",
    "name": "Georgian"
  },
  "kau": {
    "terminologic": null,
    "iso6391": "kr",
    "name": "Kanuri"
  },
  "kaw": {
    "terminologic": null,
    "iso6391": null,
    "name": "Kawi"
  },
  "kaz": {
    "terminologic": null,
    "iso6391": "kk",
    "name": "Kazakh"
  },
  "kbd": {
    "terminologic": null,
    "iso6391": null,
    "name": "Kabardian"
  },
  "kha": {
    "terminologic": null,
    "iso6391": null,
    "name": "Khasi"
  },
  "khi": {
    "terminologic": null,
    "iso6391": null,
    "name": "Khoisan languages"
  },
  "khm": {
    "terminologic": null,
    "iso6391": "km",
    "name": "Central Khmer"
  },
  "kho": {
    "terminologic": null,
    "iso6391": null,
    "name": "Khotanese; Sakan"
  },
  "kik": {
    "terminologic": null,
    "iso6391": "ki",
    "name": "Kikuyu; Gikuyu"
  },
  "kin": {
    "terminologic": null,
    "iso6391": "rw",
    "name": "Kinyarwanda"
  },
  "kir": {
    "terminologic": null,
    "iso6391": "ky",
    "name": "Kirghiz; Kyrgyz"
  },
  "kmb": {
    "terminologic": null,
    "iso6391": null,
    "name": "Kimbundu"
  },
  "kok": {
    "terminologic": null,
    "iso6391": null,
    "name": "Konkani"
  },
  "kom": {
    "terminologic": null,
    "iso6391": "kv",
    "name": "Komi"
  },
  "kon": {
    "terminologic": null,
    "iso6391": "kg",
    "name": "Kongo"
  },
  "kor": {
    "terminologic": null,
    "iso6391": "ko",
    "name": "Korean"
  },
  "kos": {
    "terminologic": null,
    "iso6391": null,
    "name": "Kosraean"
  },
  "kpe": {
    "terminologic": null,
    "iso6391": null,
    "name": "Kpelle"
  },
  "krc": {
    "terminologic": null,
    "iso6391": null,
    "name": "Karachay-Balkar"
  },
  "krl": {
    "terminologic": null,
    "iso6391": null,
    "name": "Karelian"
  },
  "kro": {
    "terminologic": null,
    "iso6391": null,
    "name": "Kru languages"
  },
  "kru": {
    "terminologic": null,
    "iso6391": null,
    "name": "Kurukh"
  },
  "kua": {
    "terminologic": null,
    "iso6391": "kj",
    "name": "Kuanyama; Kwanyama"
  },
  "kum": {
    "terminologic": null,
    "iso6391": null,
    "name": "Kumyk"
  },
  "kur": {
    "terminologic": null,
    "iso6391": "ku",
    "name": "Kurdish"
  },
  "kut": {
    "terminologic": null,
    "iso6391": null,
    "name": "Kutenai"
  },
  "lad": {
    "terminologic": null,
    "iso6391": null,
    "name": "Ladino"
  },
  "lah": {
    "terminologic": null,
    "iso6391": null,
    "name": "Lahnda"
  },
  "lam": {
    "terminologic": null,
    "iso6391": null,
    "name": "Lamba"
  },
  "lao": {
    "terminologic": null,
    "iso6391": "lo",
    "name": "Lao"
  },
  "lat": {
    "terminologic": null,
    "iso6391": "la",
    "name": "Latin"
  },
  "lav": {
    "terminologic": null,
    "iso6391": "lv",
    "name": "Latvian"
  },
  "lez": {
    "terminologic": null,
    "iso6391": null,
    "name": "Lezghian"
  },
  "lim": {
    "terminologic": null,
    "iso6391": "li",
    "name": "Limburgan; Limburger; Limburgish"
  },
  "lin": {
    "terminologic": null,
    "iso6391": "ln",
    "name": "Lingala"
  },
  "lit": {
    "terminologic": null,
    "iso6391": "lt",
    "name": "Lithuanian"
  },
  "lol": {
    "terminologic": null,
    "iso6391": null,
    "name": "Mongo"
  },
  "loz": {
    "terminologic": null,
    "iso6391": null,
    "name": "Lozi"
  },
  "ltz": {
    "terminologic": null,
    "iso6391": "lb",
    "name": "Luxembourgish; Letzeburgesch"
  },
  "lua": {
    "terminologic": null,
    "iso6391": null,
    "name": "Luba-Lulua"
  },
  "lub": {
    "terminologic": null,
    "iso6391": "lu",
    "name": "Luba-Katanga"
  },
  "lug": {
    "terminologic": null,
    "iso6391": "lg",
    "name": "Ganda"
  },
  "lui": {
    "terminologic": null,
    "iso6391": null,
    "name": "Luiseno"
  },
  "lun": {
    "terminologic": null,
    "iso6391": null,
    "name": "Lunda"
  },
  "luo": {
    "terminologic": null,
    "iso6391": null,
    "name": "Luo (Kenya and Tanzania)"
  },
  "lus": {
    "terminologic": null,
    "iso6391": null,
    "name": "Lushai"
  },
  "mac": {
    "terminologic": "mkd",
    "iso6391": "mk",
    "name": "Macedonian"
  },
  "mad": {
    "terminologic": null,
    "iso6391": null,
    "name": "Madurese"
  },
  "mag": {
    "terminologic": null,
    "iso6391": null,
    "name": "Magahi"
  },
  "mah": {
    "terminologic": null,
    "iso6391": "mh",
    "name": "Marshallese"
  },
  "mai": {
    "terminologic": null,
    "iso6391": null,
    "name": "Maithili"
  },
  "mak": {
    "terminologic": null,
    "iso6391": null,
    "name": "Makasar"
  },
  "mal": {
    "terminologic": null,
    "iso6391": "ml",
    "name": "Malayalam"
  },
  "man": {
    "terminologic": null,
    "iso6391": null,
    "name": "Mandingo"
  },
  "mao": {
    "terminologic": "mri",
    "iso6391": "mi",
    "name": "Maori"
  },
  "map": {
    "terminologic": null,
    "iso6391": null,
    "name": "Austronesian languages"
  },
  "mar": {
    "terminologic": null,
    "iso6391": "mr",
    "name": "Marathi"
  },
  "mas": {
    "terminologic": null,
    "iso6391": null,
    "name": "Masai"
  },
  "may": {
    "terminologic": "msa",
    "iso6391": "ms",
    "name": "Malay"
  },
  "mdf": {
    "terminologic": null,
    "iso6391": null,
    "name": "Moksha"
  },
  "mdr": {
    "terminologic": null,
    "iso6391": null,
    "name": "Mandar"
  },
  "men": {
    "terminologic": null,
    "iso6391": null,
    "name": "Mende"
  },
  "mga": {
    "terminologic": null,
    "iso6391": null,
    "name": "Irish, Middle (900-1200)"
  },
  "mic": {
    "terminologic": null,
    "iso6391": null,
    "name": "Mi'kmaq; Micmac"
  },
  "min": {
    "terminologic": null,
    "iso6391": null,
    "name": "Minangkabau"
  },
  "mis": {
    "terminologic": null,
    "iso6391": null,
    "name": "Uncoded languages"
  },
  "mkd": {
    "bibliographic": "mac",
    "iso6391": "mk",
    "name": "Macedonian"
  },
  "mkh": {
    "terminologic": null,
    "iso6391": null,
    "name": "Mon-Khmer languages"
  },
  "mlg": {
    "terminologic": null,
    "iso6391": "mg",
    "name": "Malagasy"
  },
  "mlt": {
    "terminologic": null,
    "iso6391": "mt",
    "name": "Maltese"
  },
  "mnc": {
    "terminologic": null,
    "iso6391": null,
    "name": "Manchu"
  },
  "mni": {
    "terminologic": null,
    "iso6391": null,
    "name": "Manipuri"
  },
  "mno": {
    "terminologic": null,
    "iso6391": null,
    "name": "Manobo languages"
  },
  "moh": {
    "terminologic": null,
    "iso6391": null,
    "name": "Mohawk"
  },
  "mon": {
    "terminologic": null,
    "iso6391": "mn",
    "name": "Mongolian"
  },
  "mos": {
    "terminologic": null,
    "iso6391": null,
    "name": "Mossi"
  },
  "mri": {
    "bibliographic": "mao",
    "iso6391": "mi",
    "name": "Maori"
  },
  "msa": {
    "bibliographic": "may",
    "iso6391": "ms",
    "name": "Malay"
  },
  "mul": {
    "terminologic": null,
    "iso6391": null,
    "name": "Multiple languages"
  },
  "mun": {
    "terminologic": null,
    "iso6391": null,
    "name": "Munda languages"
  },
  "mus": {
    "terminologic": null,
    "iso6391": null,
    "name": "Creek"
  },
  "mwl": {
    "terminologic": null,
    "iso6391": null,
    "name": "Mirandese"
  },
  "mwr": {
    "terminologic": null,
    "iso6391": null,
    "name": "Marwari"
  },
  "mya": {
    "bibliographic": "bur",
    "iso6391": "my",
    "name": "Burmese"
  },
  "myn": {
    "terminologic": null,
    "iso6391": null,
    "name": "Mayan languages"
  },
  "myv": {
    "terminologic": null,
    "iso6391": null,
    "name": "Erzya"
  },
  "nah": {
    "terminologic": null,
    "iso6391": null,
    "name": "Nahuatl languages"
  },
  "nai": {
    "terminologic": null,
    "iso6391": null,
    "name": "North American Indian languages"
  },
  "nap": {
    "terminologic": null,
    "iso6391": null,
    "name": "Neapolitan"
  },
  "nau": {
    "terminologic": null,
    "iso6391": "na",
    "name": "Nauru"
  },
  "nav": {
    "terminologic": null,
    "iso6391": "nv",
    "name": "Navajo; Navaho"
  },
  "nbl": {
    "terminologic": null,
    "iso6391": "nr",
    "name": "Ndebele, South; South Ndebele"
  },
  "nde": {
    "terminologic": null,
    "iso6391": "nd",
    "name": "Ndebele, North; North Ndebele"
  },
  "ndo": {
    "terminologic": null,
    "iso6391": "ng",
    "name": "Ndonga"
  },
  "nds": {
    "terminologic": null,
    "iso6391": null,
    "name": "Low German; Low Saxon; German, Low; Saxon, Low"
  },
  "nep": {
    "terminologic": null,
    "iso6391": "ne",
    "name": "Nepali"
  },
  "new": {
    "terminologic": null,
    "iso6391": null,
    "name": "Nepal Bhasa; Newari"
  },
  "nia": {
    "terminologic": null,
    "iso6391": null,
    "name": "Nias"
  },
  "nic": {
    "terminologic": null,
    "iso6391": null,
    "name": "Niger-Kordofanian languages"
  },
  "niu": {
    "terminologic": null,
    "iso6391": null,
    "name": "Niuean"
  },
  "nld": {
    "bibliographic": "dut",
    "iso6391": "nl",
    "name": "Dutch; Flemish"
  },
  "nno": {
    "terminologic": null,
    "iso6391": "nn",
    "name": "Norwegian Nynorsk; Nynorsk, Norwegian"
  },
  "nob": {
    "terminologic": null,
    "iso6391": "nb",
    "name": "Bokmål, Norwegian; Norwegian Bokmål"
  },
  "nog": {
    "terminologic": null,
    "iso6391": null,
    "name": "Nogai"
  },
  "non": {
    "terminologic": null,
    "iso6391": null,
    "name": "Norse, Old"
  },
  "nor": {
    "terminologic": null,
    "iso6391": "no",
    "name": "Norwegian"
  },
  "nqo": {
    "terminologic": null,
    "iso6391": null,
    "name": "N'Ko"
  },
  "nso": {
    "terminologic": null,
    "iso6391": null,
    "name": "Pedi; Sepedi; Northern Sotho"
  },
  "nub": {
    "terminologic": null,
    "iso6391": null,
    "name": "Nubian languages"
  },
  "nwc": {
    "terminologic": null,
    "iso6391": null,
    "name": "Classical Newari; Old Newari; Classical Nepal Bhasa"
  },
  "nya": {
    "terminologic": null,
    "iso6391": "ny",
    "name": "Chichewa; Chewa; Nyanja"
  },
  "nym": {
    "terminologic": null,
    "iso6391": null,
    "name": "Nyamwezi"
  },
  "nyn": {
    "terminologic": null,
    "iso6391": null,
    "name": "Nyankole"
  },
  "nyo": {
    "terminologic": null,
    "iso6391": null,
    "name": "Nyoro"
  },
  "nzi": {
    "terminologic": null,
    "iso6391": null,
    "name": "Nzima"
  },
  "oci": {
    "terminologic": null,
    "iso6391": "oc",
    "name": "Occitan (post 1500); Provençal"
  },
  "oji": {
    "terminologic": null,
    "iso6391": "oj",
    "name": "Ojibwa"
  },
  "ori": {
    "terminologic": null,
    "iso6391": "or",
    "name": "Oriya"
  },
  "orm": {
    "terminologic": null,
    "iso6391": "om",
    "name": "Oromo"
  },
  "osa": {
    "terminologic": null,
    "iso6391": null,
    "name": "Osage"
  },
  "oss": {
    "terminologic": null,
    "iso6391": "os",
    "name": "Ossetian; Ossetic"
  },
  "ota": {
    "terminologic": null,
    "iso6391": null,
    "name": "Turkish, Ottoman (1500-1928)"
  },
  "oto": {
    "terminologic": null,
    "iso6391": null,
    "name": "Otomian languages"
  },
  "paa": {
    "terminologic": null,
    "iso6391": null,
    "name": "Papuan languages"
  },
  "pag": {
    "terminologic": null,
    "iso6391": null,
    "name": "Pangasinan"
  },
  "pal": {
    "terminologic": null,
    "iso6391": null,
    "name": "Pahlavi"
  },
  "pam": {
    "terminologic": null,
    "iso6391": null,
    "name": "Pampanga; Kapampangan"
  },
  "pan": {
    "terminologic": null,
    "iso6391": "pa",
    "name": "Panjabi; Punjabi"
  },
  "pap": {
    "terminologic": null,
    "iso6391": null,
    "name": "Papiamento"
  },
  "pau": {
    "terminologic": null,
    "iso6391": null,
    "name": "Palauan"
  },
  "peo": {
    "terminologic": null,
    "iso6391": null,
    "name": "Persian, Old (ca.600-400 B.C.)"
  },
  "per": {
    "terminologic": "fas",
    "iso6391": "fa",
    "name": "Persian"
  },
  "phi": {
    "terminologic": null,
    "iso6391": null,
    "name": "Philippine languages"
  },
  "phn": {
    "terminologic": null,
    "iso6391": null,
    "name": "Phoenician"
  },
  "pli": {
    "terminologic": null,
    "iso6391": "pi",
    "name": "Pali"
  },
  "pol": {
    "terminologic": null,
    "iso6391": "pl",
    "name": "Polish"
  },
  "pon": {
    "terminologic": null,
    "iso6391": null,
    "name": "Pohnpeian"
  },
  "por": {
    "terminologic": null,
    "iso6391": "pt",
    "name": "Portuguese"
  },
  "pra": {
    "terminologic": null,
    "iso6391": null,
    "name": "Prakrit languages"
  },
  "pro": {
    "terminologic": null,
    "iso6391": null,
    "name": "Provençal, Old (to 1500)"
  },
  "pus": {
    "terminologic": null,
    "iso6391": "ps",
    "name": "Pushto; Pashto"
  },
  "qaa-qtz": {
    "terminologic": null,
    "iso6391": null,
    "name": "Reserved for local use"
  },
  "que": {
    "terminologic": null,
    "iso6391": "qu",
    "name": "Quechua"
  },
  "raj": {
    "terminologic": null,
    "iso6391": null,
    "name": "Rajasthani"
  },
  "rap": {
    "terminologic": null,
    "iso6391": null,
    "name": "Rapanui"
  },
  "rar": {
    "terminologic": null,
    "iso6391": null,
    "name": "Rarotongan; Cook Islands Maori"
  },
  "roa": {
    "terminologic": null,
    "iso6391": null,
    "name": "Romance languages"
  },
  "roh": {
    "terminologic": null,
    "iso6391": "rm",
    "name": "Romansh"
  },
  "rom": {
    "terminologic": null,
    "iso6391": null,
    "name": "Romany"
  },
  "ron": {
    "bibliographic": "rum",
    "iso6391": "ro",
    "name": "Romanian; Moldavian; Moldovan"
  },
  "rum": {
    "terminologic": "ron",
    "iso6391": "ro",
    "name": "Romanian; Moldavian; Moldovan"
  },
  "run": {
    "terminologic": null,
    "iso6391": "rn",
    "name": "Rundi"
  },
  "rup": {
    "terminologic": null,
    "iso6391": null,
    "name": "Aromanian; Arumanian; Macedo-Romanian"
  },
  "rus": {
    "terminologic": null,
    "iso6391": "ru",
    "name": "Russian"
  },
  "sad": {
    "terminologic": null,
    "iso6391": null,
    "name": "Sandawe"
  },
  "sag": {
    "terminologic": null,
    "iso6391": "sg",
    "name": "Sango"
  },
  "sah": {
    "terminologic": null,
    "iso6391": null,
    "name": "Yakut"
  },
  "sai": {
    "terminologic": null,
    "iso6391": null,
    "name": "South American Indian (Other)"
  },
  "sal": {
    "terminologic": null,
    "iso6391": null,
    "name": "Salishan languages"
  },
  "sam": {
    "terminologic": null,
    "iso6391": null,
    "name": "Samaritan Aramaic"
  },
  "san": {
    "terminologic": null,
    "iso6391": "sa",
    "name": "Sanskrit"
  },
  "sas": {
    "terminologic": null,
    "iso6391": null,
    "name": "Sasak"
  },
  "sat": {
    "terminologic": null,
    "iso6391": null,
    "name": "Santali"
  },
  "scn": {
    "terminologic": null,
    "iso6391": null,
    "name": "Sicilian"
  },
  "sco": {
    "terminologic": null,
    "iso6391": null,
    "name": "Scots"
  },
  "sel": {
    "terminologic": null,
    "iso6391": null,
    "name": "Selkup"
  },
  "sem": {
    "terminologic": null,
    "iso6391": null,
    "name": "Semitic languages"
  },
  "sga": {
    "terminologic": null,
    "iso6391": null,
    "name": "Irish, Old (to 900)"
  },
  "sgn": {
    "terminologic": null,
    "iso6391": null,
    "name": "Sign Languages"
  },
  "shn": {
    "terminologic": null,
    "iso6391": null,
    "name": "Shan"
  },
  "sid": {
    "terminologic": null,
    "iso6391": null,
    "name": "Sidamo"
  },
  "sin": {
    "terminologic": null,
    "iso6391": "si",
    "name": "Sinhala; Sinhalese"
  },
  "sio": {
    "terminologic": null,
    "iso6391": null,
    "name": "Siouan languages"
  },
  "sit": {
    "terminologic": null,
    "iso6391": null,
    "name": "Sino-Tibetan languages"
  },
  "sla": {
    "terminologic": null,
    "iso6391": null,
    "name": "Slavic languages"
  },
  "slo": {
    "terminologic": "slk",
    "iso6391": "sk",
    "name": "Slovak"
  },
  "slk": {
    "bibliographic": "slo",
    "iso6391": "sk",
    "name": "Slovak"
  },
  "slv": {
    "terminologic": null,
    "iso6391": "sl",
    "name": "Slovenian"
  },
  "sma": {
    "terminologic": null,
    "iso6391": null,
    "name": "Southern Sami"
  },
  "sme": {
    "terminologic": null,
    "iso6391": "se",
    "name": "Northern Sami"
  },
  "smi": {
    "terminologic": null,
    "iso6391": null,
    "name": "Sami languages"
  },
  "smj": {
    "terminologic": null,
    "iso6391": null,
    "name": "Lule Sami"
  },
  "smn": {
    "terminologic": null,
    "iso6391": null,
    "name": "Inari Sami"
  },
  "smo": {
    "terminologic": null,
    "iso6391": "sm",
    "name": "Samoan"
  },
  "sms": {
    "terminologic": null,
    "iso6391": null,
    "name": "Skolt Sami"
  },
  "sna": {
    "terminologic": null,
    "iso6391": "sn",
    "name": "Shona"
  },
  "snd": {
    "terminologic": null,
    "iso6391": "sd",
    "name": "Sindhi"
  },
  "snk": {
    "terminologic": null,
    "iso6391": null,
    "name": "Soninke"
  },
  "sog": {
    "terminologic": null,
    "iso6391": null,
    "name": "Sogdian"
  },
  "som": {
    "terminologic": null,
    "iso6391": "so",
    "name": "Somali"
  },
  "son": {
    "terminologic": null,
    "iso6391": null,
    "name": "Songhai languages"
  },
  "sot": {
    "terminologic": null,
    "iso6391": "st",
    "name": "Sotho, Southern"
  },
  "spa": {
    "terminologic": null,
    "iso6391": "es",
    "name": "Spanish; Castilian"
  },
  "sqi": {
    "bibliographic": "alb",
    "iso6391": "sq",
    "name": "Albanian"
  },
  "srd": {
    "terminologic": null,
    "iso6391": "sc",
    "name": "Sardinian"
  },
  "srn": {
    "terminologic": null,
    "iso6391": null,
    "name": "Sranan Tongo"
  },
  "srp": {
    "terminologic": null,
    "iso6391": "sr",
    "name": "Serbian"
  },
  "srr": {
    "terminologic": null,
    "iso6391": null,
    "name": "Serer"
  },
  "ssa": {
    "terminologic": null,
    "iso6391": null,
    "name": "Nilo-Saharan languages"
  },
  "ssw": {
    "terminologic": null,
    "iso6391": "ss",
    "name": "Swati"
  },
  "suk": {
    "terminologic": null,
    "iso6391": null,
    "name": "Sukuma"
  },
  "sun": {
    "terminologic": null,
    "iso6391": "su",
    "name": "Sundanese"
  },
  "sus": {
    "terminologic": null,
    "iso6391": null,
    "name": "Susu"
  },
  "sux": {
    "terminologic": null,
    "iso6391": null,
    "name": "Sumerian"
  },
  "swa": {
    "terminologic": null,
    "iso6391": "sw",
    "name": "Swahili"
  },
  "swe": {
    "terminologic": null,
    "iso6391": "sv",
    "name": "Swedish"
  },
  "syc": {
    "terminologic": null,
    "iso6391": null,
    "name": "Classical Syriac"
  },
  "syr": {
    "terminologic": null,
    "iso6391": null,
    "name": "Syriac"
  },
  "tah": {
    "terminologic": null,
    "iso6391": "ty",
    "name": "Tahitian"
  },
  "tai": {
    "terminologic": null,
    "iso6391": null,
    "name": "Tai languages"
  },
  "tam": {
    "terminologic": null,
    "iso6391": "ta",
    "name": "Tamil"
  },
  "tat": {
    "terminologic": null,
    "iso6391": "tt",
    "name": "Tatar"
  },
  "tel": {
    "terminologic": null,
    "iso6391": "te",
    "name": "Telugu"
  },
  "tem": {
    "terminologic": null,
    "iso6391": null,
    "name": "Timne"
  },
  "ter": {
    "terminologic": null,
    "iso6391": null,
    "name": "Tereno"
  },
  "tet": {
    "terminologic": null,
    "iso6391": null,
    "name": "Tetum"
  },
  "tgk": {
    "terminologic": null,
    "iso6391": "tg",
    "name": "Tajik"
  },
  "tgl": {
    "terminologic": null,
    "iso6391": "tl",
    "name": "Tagalog"
  },
  "tha": {
    "terminologic": null,
    "iso6391": "th",
    "name": "Thai"
  },
  "tib": {
    "terminologic": "bod",
    "iso6391": "bo",
    "name": "Tibetan"
  },
  "tig": {
    "terminologic": null,
    "iso6391": null,
    "name": "Tigre"
  },
  "tir": {
    "terminologic": null,
    "iso6391": "ti",
    "name": "Tigrinya"
  },
  "tiv": {
    "terminologic": null,
    "iso6391": null,
    "name": "Tiv"
  },
  "tkl": {
    "terminologic": null,
    "iso6391": null,
    "name": "Tokelau"
  },
  "tlh": {
    "terminologic": null,
    "iso6391": null,
    "name": "Klingon; tlhIngan-Hol"
  },
  "tli": {
    "terminologic": null,
    "iso6391": null,
    "name": "Tlingit"
  },
  "tmh": {
    "terminologic": null,
    "iso6391": null,
    "name": "Tamashek"
  },
  "tog": {
    "terminologic": null,
    "iso6391": null,
    "name": "Tonga (Nyasa)"
  },
  "ton": {
    "terminologic": null,
    "iso6391": "to",
    "name": "Tonga (Tonga Islands)"
  },
  "tpi": {
    "terminologic": null,
    "iso6391": null,
    "name": "Tok Pisin"
  },
  "tsi": {
    "terminologic": null,
    "iso6391": null,
    "name": "Tsimshian"
  },
  "tsn": {
    "terminologic": null,
    "iso6391": "tn",
    "name": "Tswana"
  },
  "tso": {
    "terminologic": null,
    "iso6391": "ts",
    "name": "Tsonga"
  },
  "tuk": {
    "terminologic": null,
    "iso6391": "tk",
    "name": "Turkmen"
  },
  "tum": {
    "terminologic": null,
    "iso6391": null,
    "name": "Tumbuka"
  },
  "tup": {
    "terminologic": null,
    "iso6391": null,
    "name": "Tupi languages"
  },
  "tur": {
    "terminologic": null,
    "iso6391": "tr",
    "name": "Turkish"
  },
  "tut": {
    "terminologic": null,
    "iso6391": null,
    "name": "Altaic languages"
  },
  "tvl": {
    "terminologic": null,
    "iso6391": null,
    "name": "Tuvalu"
  },
  "twi": {
    "terminologic": null,
    "iso6391": "tw",
    "name": "Twi"
  },
  "tyv": {
    "terminologic": null,
    "iso6391": null,
    "name": "Tuvinian"
  },
  "udm": {
    "terminologic": null,
    "iso6391": null,
    "name": "Udmurt"
  },
  "uga": {
    "terminologic": null,
    "iso6391": null,
    "name": "Ugaritic"
  },
  "uig": {
    "terminologic": null,
    "iso6391": "ug",
    "name": "Uighur; Uyghur"
  },
  "ukr": {
    "terminologic": null,
    "iso6391": "uk",
    "name": "Ukrainian"
  },
  "umb": {
    "terminologic": null,
    "iso6391": null,
    "name": "Umbundu"
  },
  "und": {
    "terminologic": null,
    "iso6391": null,
    "name": "Undetermined"
  },
  "urd": {
    "terminologic": null,
    "iso6391": "ur",
    "name": "Urdu"
  },
  "uzb": {
    "terminologic": null,
    "iso6391": "uz",
    "name": "Uzbek"
  },
  "vai": {
    "terminologic": null,
    "iso6391": null,
    "name": "Vai"
  },
  "ven": {
    "terminologic": null,
    "iso6391": "ve",
    "name": "Venda"
  },
  "vie": {
    "terminologic": null,
    "iso6391": "vi",
    "name": "Vietnamese"
  },
  "vol": {
    "terminologic": null,
    "iso6391": "vo",
    "name": "Volapük"
  },
  "vot": {
    "terminologic": null,
    "iso6391": null,
    "name": "Votic"
  },
  "wak": {
    "terminologic": null,
    "iso6391": null,
    "name": "Wakashan languages"
  },
  "wal": {
    "terminologic": null,
    "iso6391": null,
    "name": "Walamo"
  },
  "war": {
    "terminologic": null,
    "iso6391": null,
    "name": "Waray"
  },
  "was": {
    "terminologic": null,
    "iso6391": null,
    "name": "Washo"
  },
  "wel": {
    "terminologic": "cym",
    "iso6391": "cy",
    "name": "Welsh"
  },
  "wen": {
    "terminologic": null,
    "iso6391": null,
    "name": "Sorbian languages"
  },
  "wln": {
    "terminologic": null,
    "iso6391": "wa",
    "name": "Walloon"
  },
  "wol": {
    "terminologic": null,
    "iso6391": "wo",
    "name": "Wolof"
  },
  "xal": {
    "terminologic": null,
    "iso6391": null,
    "name": "Kalmyk; Oirat"
  },
  "xho": {
    "terminologic": null,
    "iso6391": "xh",
    "name": "Xhosa"
  },
  "yao": {
    "terminologic": null,
    "iso6391": null,
    "name": "Yao"
  },
  "yap": {
    "terminologic": null,
    "iso6391": null,
    "name": "Yapese"
  },
  "yid": {
    "terminologic": null,
    "iso6391": "yi",
    "name": "Yiddish"
  },
  "yor": {
    "terminologic": null,
    "iso6391": "yo",
    "name": "Yoruba"
  },
  "ypk": {
    "terminologic": null,
    "iso6391": null,
    "name": "Yupik languages"
  },
  "zap": {
    "terminologic": null,
    "iso6391": null,
    "name": "Zapotec"
  },
  "zbl": {
    "terminologic": null,
    "iso6391": null,
    "name": "Blissymbols; Blissymbolics; Bliss"
  },
  "zen": {
    "terminologic": null,
    "iso6391": null,
    "name": "Zenaga"
  },
  "zgh": {
    "terminologic": null,
    "iso6391": null,
    "name": "Standard Moroccan Tamazight"
  },
  "zha": {
    "terminologic": null,
    "iso6391": "za",
    "name": "Zhuang; Chuang"
  },
  "zho": {
    "bibliographic": "chi",
    "iso6391": "zh",
    "name": "Chinese"
  },
  "znd": {
    "terminologic": null,
    "iso6391": null,
    "name": "Zande languages"
  },
  "zul": {
    "terminologic": null,
    "iso6391": "zu",
    "name": "Zulu"
  },
  "zun": {
    "terminologic": null,
    "iso6391": null,
    "name": "Zuni"
  },
  "zxx": {
    "terminologic": null,
    "iso6391": null,
    "name": "No linguistic content; Not applicable"
  },
  "zza": {
    "terminologic": null,
    "iso6391": null,
    "name": "Zaza; Dimili; Dimli; Kirdki; Kirmanjki; Zazaki"
  }
}